referring_pcp_npi,receiving_hospital_npi,transaction_count
1962515023,1891000923,190
1467428680,1891000923,196
1891708012,1891000923,195
1326048844,1871530832,282
1831169069,1871530832,865
1811200033,1871530832,839
1275646119,1871530832,62
1114979184,1871530832,67
1073603411,1871530832,99
1093718272,1871530832,934
1073516001,1871530832,356
1750524856,1871530832,331
1821066341,1871530832,116
1235163528,1871530832,1051
1235163528,1407893464,57
1467645903,1871530832,1131
1922444363,1871530832,68
1639125560,1871530832,381
1487854311,1871530832,104
1033297429,1871530832,99
1730114315,1871530832,137
1790757821,1871530832,187
1184620460,1871530832,63
1316329675,1871530832,129
1497758445,1871530832,228
1952304966,1871530832,612
1801943600,1871530832,64
1750384780,1871530832,397
1932102670,1871530832,271
1649480237,1871530832,1160
1922280692,1871530832,921
1184603839,1871530832,237
1316206337,1871530832,876
1063407534,1871530832,1556
1639497779,1871530832,80
1245325661,1871530832,142
1558384099,1871530832,100
1265606255,1871530832,67
1548286396,1871530832,94
1144309121,1871530832,65
1689677619,1871530832,496
1932128782,1871530832,56
1063415131,1871530832,397
1750608113,1871530832,81
1760478192,1871530832,51
1891725479,1407893464,123
1891725479,1871530832,1908
1205878220,1871530832,406
1194743914,1871530832,238
1902823099,1679924005,96
1821066341,1679924005,80
1790754646,1679924005,178
1407890593,1679924005,100
1740252642,1679924005,148
1679665095,1942676432,67
1073603411,1942676432,327
1548317498,1942676432,172
1942203849,1942676432,63
1962497867,1023055126,948
1962497867,1932146032,53
1669556148,1720032345,507
1942255575,1982650024,68
1538104526,1982650024,228
1871756080,1023055126,61
1861668907,1023055126,566
1396932463,1992776405,1148
1396932463,1023055126,806
1851554836,1982650024,211
1396910600,1023055126,597
1275793283,1932146032,74
1275793283,1023055126,1057
1053406405,1023055126,1777
1053406405,1932146032,74
1205825866,1982650024,98
1679558738,1982650024,92
1215902796,1992776405,106
1346533320,1023055126,762
1437206315,1023055126,1059
1679521090,1023055126,210
1578597902,1992776405,574
1902823099,1982650024,84
1275720542,1023055126,912
1275720542,1932146032,53
1760725915,1982650024,116
1831169069,1023055126,158
1386901536,1982650024,398
1760762348,1457640922,55
1760762348,1023055126,73
1760762348,1720032345,828
1114961596,1982650024,132
1265756837,1023055126,59
1265756837,1992776405,385
1154313708,1023055126,123
1811077712,1265487193,90
1588928980,1023055126,53
1588928980,1992776405,173
1881673093,1982650024,164
1104890003,1023055126,52
1104890003,1982650024,106
1053425181,1982650024,138
1508830407,1023055126,1485
1508830407,1932146032,86
1508830407,1992776405,78
1851345755,1982650024,394
1174564314,1982650024,51
1083905822,1023055126,959
1083905822,1932146032,52
1083905822,1750328852,52
1770578882,1023055126,86
1770578882,1982650024,82
1811200033,1023055126,168
1265427553,1992776405,196
1265427553,1023055126,380
1154491207,1023055126,211
1275646119,1932146032,56
1275646119,1265487193,157
1275646119,1023055126,1594
1437138641,1982650024,131
1972674968,1992776405,527
1285662148,1023055126,1445
1114979184,1023055126,72
1508862939,1982650024,71
1093830176,1023055126,81
1093830176,1982650024,533
1578766697,1023055126,69
1578766697,1265487193,202
1003860982,1982650024,212
1982661617,1992776405,107
1982661617,1023055126,67
1437449766,1982650024,85
1770842759,1982650024,96
1063407351,1992776405,54
1063407351,1720032345,633
1093150351,1982650024,67
1194710889,1992776405,212
1194710889,1023055126,270
1265426050,1023055126,638
1275528770,1982650024,188
1023000999,1023055126,150
1023000999,1720032345,782
1386615540,1982650024,203
1306862669,1023055126,1060
1922241959,1720032345,261
1124007919,1720032345,233
1316933955,1023055126,1367
1093718272,1023055126,113
1447307251,1023055126,87
1447307251,1982650024,298
1720158868,1023055126,315
1962499582,1720032345,84
1962499582,1023055126,721
1962499582,1750328852,275
1457346132,1023055126,608
1457448557,1023055126,962
1073516001,1023055126,70
1427074210,1023055126,396
1376538207,1023055126,984
1144259631,1982650024,58
1780715342,1982650024,755
1801829114,1023055126,512
1700810371,1023055126,118
1700810371,1982650024,77
1053453795,1982650024,173
1053306175,1992776405,144
1790891315,1023055126,212
1184612921,1023055126,131
1053394916,1992776405,76
1710032255,1720032345,77
1710032255,1750328852,64
1710032255,1932146032,107
1710032255,1023055126,1341
1255579652,1992776405,171
1770538738,1023055126,58
1730474321,1982650024,66
1497730501,1023055126,288
1811935612,1023055126,86
1811935612,1720032345,90
1902007107,1023055126,329
1922444363,1932146032,67
1922444363,1023055126,595
1407890593,1992776405,179
1407890593,1720032345,143
1407890593,1982650024,226
1407890593,1023055126,227
1811905409,1023055126,381
1811905409,1720032345,986
1639125560,1023055126,81
1639125560,1720032345,94
1497067235,1023055126,244
1730126574,1023055126,781
1730126574,1932146032,58
1093809857,1023055126,78
1497791602,1023055126,306
1720340193,1982650024,387
1598750697,1023055126,580
1043294747,1023055126,56
1255400362,1720032345,54
1790776672,1932146032,105
1790776672,1720032345,234
1790776672,1023055126,1543
1326057167,1982650024,89
1013179860,1023055126,209
1477548154,1720032345,1109
1477548154,1124065255,152
1477548154,1023055126,126
1144288747,1982650024,230
1740252642,1982650024,66
1093706962,1023055126,444
1487854311,1023055126,1400
1487854311,1992776405,132
1487854311,1720032345,81
1104818889,1023055126,136
1932179389,1982650024,151
1144664376,1316379738,69
1144664376,1982650024,1031
1174565543,1023055126,178
1881089795,1023055126,271
1720181738,1023055126,198
1730114315,1982650024,93
1285723718,1023055126,197
1427066489,1023055126,78
1427066489,1720032345,321
1508838400,1982650024,171
1417992397,1023055126,145
1154342046,1992776405,963
1154342046,1023055126,85
1861751703,1982650024,85
1699760587,1023055126,875
1417990367,1023055126,530
1689647489,1720032345,598
1689647489,1457640922,61
1790757821,1932146032,68
1790757821,1023055126,971
1821145624,1720032345,345
1821145624,1023055126,77
1518014323,1023055126,791
1891726303,1982650024,71
1508961996,1023055126,52
1184620460,1265487193,1055
1184620460,1023055126,323
1104802271,1982650024,116
1376635052,1023055126,50
1063467876,1982650024,342
1881646073,1982650024,440
1881646073,1023055126,102
1346353299,1023055126,518
1548317498,1720032345,68
1548317498,1023055126,447
1548317498,1932146032,51
1063739480,1982650024,76
1649212598,1982650024,62
1720079114,1982650024,84
1053408567,1982650024,134
1922092535,1023055126,276
1801820519,1720032345,122
1235242181,1932146032,113
1235242181,1750328852,71
1235242181,1982650024,53
1235242181,1023055126,1907
1225120926,1023055126,513
1225120926,1932146032,56
1922048883,1023055126,549
1427251859,1023055126,207
1902842412,1023055126,619
1710975248,1720032345,56
1114974979,1992776405,117
1528105616,1992776405,244
1528105616,1023055126,81
1083703540,1023055126,230
1801880737,1023055126,157
1003801788,1023055126,692
1700846334,1992776405,57
1346507423,1720032345,204
1548251705,1982650024,87
1487635777,1982650024,402
1356311831,1982650024,185
1417131715,1932146032,689
1417131715,1023055126,9007
1417131715,1265487193,98
1417131715,1750328852,301
1245300391,1023055126,94
1538103692,1982650024,123
1538103692,1023055126,157
1518919000,1992776405,396
1558355941,1982650024,110
1558355941,1023055126,50
1053519785,1023055126,166
1053519785,1982650024,2153
1053519785,1316379738,86
1053519785,1164469227,103
1073547402,1720032345,469
1801943600,1023055126,1110
1801943600,1932146032,124
1659714798,1023055126,1025
1659714798,1932146032,70
1326056839,1992776405,212
1326056839,1023055126,345
1942299359,1992776405,63
1417964628,1023055126,263
1679568364,1932146032,63
1679568364,1023055126,1640
1174576599,1023055126,153
1679663785,1992776405,651
1982703328,1023055126,63
1598723645,1720032345,127
1619969482,1023055126,148
1619969482,1992776405,718
1619969482,1720032345,60
1003876236,1720032345,672
1427023605,1982650024,136
1447296959,1982650024,65
1154531911,1023055126,51
1942252952,1982650024,238
1639249774,1023055126,270
1871614370,1023055126,51
1871614370,1720032345,450
1871614370,1124065255,67
1932102670,1023055126,56
1134410129,1982650024,95
1447242565,1750328852,65
1447242565,1982650024,115
1447242565,1720032345,190
1447242565,1023055126,1288
1447242565,1932146032,99
1811044787,1982650024,304
1376538272,1023055126,1195
1447245725,1982650024,54
1447245725,1023055126,1091
1093750564,1992776405,290
1487600698,1992776405,218
1952629867,1720032345,178
1265464499,1982650024,641
1265464499,1023055126,62
1669443875,1992776405,103
1700029493,1023055126,739
1508890286,1023055126,56
1649480237,1023055126,184
1427046622,1982650024,456
1598871642,1023055126,70
1245225937,1023055126,1015
1790833267,1023055126,63
1790833267,1720032345,287
1942295035,1023055126,355
1457330649,1982650024,187
1518952852,1023055126,119
1861452138,1720032345,475
1861452138,1023055126,66
1922280692,1023055126,225
1992790091,1023055126,997
1467447664,1124065255,177
1467447664,1720032345,1118
1467447664,1023055126,58
1235215518,1982650024,82
1316029226,1023055126,133
1508884875,1982650024,415
1801030523,1023055126,883
1801030523,1932146032,58
1730224320,1982650024,425
1821269465,1023055126,293
1245203355,1982650024,491
1467494591,1023055126,60
1699861559,1720032345,119
1053303248,1982650024,405
1386639219,1023055126,1348
1902812571,1982650024,999
1902812571,1023055126,113
1346292257,1982650024,332
1306827605,1982650024,355
1861497570,1023055126,374
1215926860,1992776405,77
1871696096,1982650024,61
1467498279,1982650024,119
1568415164,1992776405,62
1801894142,1982650024,182
1588899082,1023055126,356
1194751354,1023055126,141
1164504544,1023055126,344
1164504544,1992776405,1452
1447366075,1023055126,170
1881836856,1023055126,429
1396004099,1023055126,53
1952590705,1023055126,87
1770774754,1023055126,686
1770774754,1982650024,63
1770774754,1932146032,83
1346244324,1023055126,371
1336147685,1982650024,84
1861464430,1982650024,369
1487672291,1023055126,73
1437441847,1023055126,1004
1093738536,1992776405,635
1093738536,1720032345,50
1093738536,1023055126,95
1225027014,1982650024,92
1578615522,1023055126,61
1245325661,1023055126,1053
1245325661,1932146032,53
1750376786,1023055126,178
1336134501,1992776405,147
1639112048,1023055126,320
1558384099,1992776405,832
1386820413,1982650024,67
1386820413,1023055126,889
1265606255,1023055126,1368
1619004066,1992776405,75
1114020336,1982650024,2073
1477595593,1982650024,239
1750394060,1720032345,110
1750394060,1023055126,88
1083606248,1023055126,345
1447212964,1023055126,133
1447212964,1992776405,653
1518398437,1992776405,61
1578677274,1720032345,103
1578677274,1932146032,104
1578677274,1982650024,53
1578677274,1023055126,1998
1578677274,1750328852,55
1871539502,1023055126,462
1942290333,1982650024,982
1881638971,1023055126,170
1225023914,1023055126,316
1710968037,1982650024,255
1184619124,1982650024,68
1992985949,1023055126,767
1013902782,1023055126,59
1013902782,1124065255,100
1013902782,1720032345,708
1851474092,1023055126,127
1790729887,1023055126,68
1003897380,1982650024,722
1306819792,1982650024,145
1043219165,1023055126,58
1396751749,1982650024,70
1144309121,1992776405,64
1144309121,1982650024,50
1144309121,1023055126,1501
1417903378,1982650024,58
1417903378,1023055126,126
1578692695,1023055126,120
1477548675,1023055126,1706
1477548675,1265487193,68
1477548675,1932146032,75
1689677619,1023055126,119
1932128782,1023055126,92
1700959871,1023055126,147
1326120700,1720032345,415
1326120700,1023055126,86
1558461970,1932146032,179
1558461970,1750328852,84
1558461970,1023055126,2401
1215995972,1982650024,165
1730115981,1023055126,139
1063415131,1023055126,79
1750796447,1316379738,63
1750796447,1982650024,1064
1902013410,1164469227,60
1902013410,1023055126,104
1902013410,1982650024,1231
1326115577,1992776405,87
1427043645,1023055126,1773
1417273061,1023055126,304
1891782454,1023055126,573
1386664456,1992776405,818
1386664456,1023055126,621
1285695171,1265487193,78
1285695171,1023055126,57
1407090236,1982650024,124
1588788301,1982650024,515
1265497788,1265487193,197
1265497788,1023055126,79
1467501999,1720032345,141
1356308779,1982650024,177
1891708012,1023055126,65
1730345505,1932146032,63
1730345505,1023055126,919
1679517445,1720032345,94
1811104003,1023055126,114
1285682211,1023055126,53
1285682211,1720032345,173
1073505830,1023055126,159
1083687305,1982650024,68
1740487305,1023055126,69
1104812551,1932146032,59
1104812551,1023055126,1355
1669799532,1992776405,379
1114961513,1023055126,874
1114961513,1720032345,2878
1114961513,1457640922,59
1306831284,1720032345,760
1245368943,1023055126,99
1053337717,1982650024,72
1801973490,1023055126,328
1629202593,1982650024,216
1497724124,1023055126,270
1417169319,1023055126,928
1184949752,1982650024,115
1184949752,1023055126,709
1962645259,1982650024,65
1538147319,1023055126,96
1972658060,1982650024,74
1932274503,1720032345,116
1932274503,1023055126,368
1932274503,1992776405,2074
1891749420,1982650024,128
1881624450,1992776405,74
1023103462,1023055126,2264
1023103462,1932146032,117
1043205008,1982650024,180
1760478192,1023055126,1385
1760478192,1932146032,71
1255301800,1023055126,102
1255301800,1982650024,334
1578501904,1023055126,809
1679546717,1982650024,220
1932190360,1023055126,79
1932190360,1164469227,50
1932190360,1982650024,2134
1336296136,1023055126,444
1619180403,1164469227,150
1619180403,1316379738,124
1619180403,1982650024,3514
1710008651,1982650024,1718
1710008651,1023055126,58
1679689285,1982650024,89
1174580286,1720032345,512
1437229572,1023055126,59
1518914050,1992776405,73
1659342384,1982650024,58
1205878402,1992776405,86
1396003356,1720032345,120
1679539886,1023055126,743
1801888060,1982650024,316
1801888060,1023055126,87
1205878220,1023055126,81
1780685743,1982650024,67
1952353054,1982650024,300
1396906657,1023055126,627
1235101809,1982650024,110
1316977812,1023055126,481
1679576839,1023055126,65
1215295084,1750328852,54
1215295084,1023055126,1087
1215295084,1932146032,53
1336230424,1023055126,77
1750389607,1982650024,160
1538385091,1023055126,835
1790710374,1982650024,309
1285625731,1023055126,70
1194743914,1023055126,150
1649262338,1982650024,105
1649262338,1023055126,156
1598973273,1992776405,56
1568410363,1720032345,870
1720029101,1538114434,171
1720493927,1538114434,823
1679558738,1538114434,116
1861437063,1538114434,161
1902823099,1538114434,139
1154313708,1538114434,101
1174564314,1538114434,64
1255674594,1538114434,92
1447307251,1538114434,212
1144259631,1538114434,110
1700810371,1538114434,344
1003113200,1538114434,443
1790891315,1538114434,1492
1699737056,1538114434,71
1184612921,1538114434,79
1770538738,1538114434,74
1013179860,1538114434,1512
1417011008,1538114434,58
1487854311,1538114434,80
1104818889,1538114434,173
1124097126,1538114434,388
1487674016,1538114434,166
1205826526,1538114434,81
1235171596,1538114434,300
1295706257,1538114434,138
1720079114,1538114434,175
1588684104,1538114434,104
1467764639,1538114434,246
1104836741,1538114434,106
1801866199,1538114434,276
1003819277,1538114434,115
1760414429,1538114434,237
1659639847,1538114434,195
1558355941,1538114434,238
1083622575,1538114434,573
1992770929,1538114434,547
1104933738,1538114434,1686
1861485039,1538114434,54
1033343728,1538114434,183
1366571523,1538114434,52
1720241318,1538114434,416
1629094438,1538114434,364
1720034127,1538114434,176
1427046622,1538114434,231
1487778635,1538114434,129
1518976315,1538114434,220
1124007984,1538114434,940
1295919041,1538114434,89
1902858574,1538114434,66
1427040021,1538114434,348
1205879467,1538114434,225
1184885923,1538114434,61
1083659163,1538114434,62
1871696096,1538114434,230
1275536468,1538114434,1304
1427023894,1538114434,372
1447366075,1538114434,873
1740311521,1538114434,106
1861541351,1538114434,96
1770774754,1538114434,166
1083001747,1538114434,216
1154324325,1538114434,168
1144383738,1538114434,81
1225027014,1538114434,1546
1578615522,1538114434,630
1134154461,1538114434,124
1487644522,1538114434,148
1871770123,1538114434,56
1881803492,1538114434,62
1487723342,1538114434,605
1952386401,1538114434,575
1306969696,1538114434,804
1790729887,1538114434,68
1144309121,1538114434,267
1255355277,1538114434,83
1750692042,1538114434,50
1083665962,1538114434,679
1811104003,1538114434,140
1083687305,1538114434,50
1336433549,1538114434,92
1104871029,1538114434,62
1245368943,1538114434,912
1427008416,1538114434,56
1427073451,1538114434,132
1063483568,1538114434,67
1679832661,1538114434,885
1023103462,1538114434,60
1255301800,1538114434,198
1750390530,1538114434,57
1679689285,1538114434,2651
1336230424,1538114434,157
1952415499,1295780476,1057
1548571052,1295780476,55
1396739140,1295780476,251
1154313708,1295780476,401
1326046673,1295780476,1540
1245313741,1093769606,64
1245313741,1295780476,1210
1073856696,1639123615,376
1073856696,1295780476,2192
1427079946,1639123615,100
1427079946,1295780476,3071
1427079946,1417086596,55
1427079946,1093769606,112
1376506337,1295780476,1447
1962499582,1295780476,67
1700810371,1295780476,54
1699737056,1295780476,160
1184612921,1295780476,337
1710032255,1295780476,51
1770538738,1295780476,529
1124175922,1295780476,431
1407890593,1295780476,146
1750524260,1295780476,81
1043294747,1295780476,84
1740252642,1295780476,177
1740252642,1417086596,169
1417011008,1295780476,66
1104818889,1639123615,63
1104818889,1295780476,1494
1174565543,1295780476,63
1487674016,1295780476,130
1083609481,1295780476,96
1841266582,1295780476,411
1376635052,1295780476,165
1063739480,1295780476,919
1720079114,1295780476,247
1588684104,1295780476,99
1730490475,1295780476,337
1801866199,1295780476,107
1063506921,1295780476,69
1417131715,1639123615,58
1053519785,1295780476,61
1992770929,1295780476,51
1477963999,1295780476,504
1568453207,1295780476,285
1174543516,1295780476,70
1184697898,1295780476,172
1447242565,1295780476,73
1720241318,1295780476,434
1629094438,1295780476,71
1427046622,1295780476,127
1912977430,1295780476,174
1083659163,1295780476,489
1447679881,1295780476,514
1871696096,1295780476,89
1801894142,1295780476,1678
1336147685,1295780476,1593
1144383738,1295780476,100
1578615522,1295780476,73
1487644522,1295780476,173
1609840131,1295780476,122
1871770123,1295780476,58
1942226519,1295780476,168
1952386401,1295780476,339
1578677274,1295780476,107
1447256490,1295780476,59
1255355277,1295780476,68
1750692042,1295780476,1770
1932128782,1295780476,82
1386707446,1295780476,229
1083665962,1295780476,197
1811104003,1295780476,272
1588655377,1417086596,449
1588655377,1295780476,373
1245368943,1295780476,617
1053337717,1093769606,77
1053337717,1417086596,60
1053337717,1639123615,100
1053337717,1295780476,3082
1972658060,1417086596,61
1972658060,1093769606,75
1972658060,1639123615,107
1972658060,1295780476,2834
1255301800,1295780476,328
1750390530,1295780476,335
1285615278,1295780476,109
1922394840,1295780476,1860
1801888060,1295780476,51
1316944648,1295780476,81
1336230424,1295780476,358
1902823099,1417938846,277
1891861506,1417938846,125
1104890003,1417938846,77
1447307251,1417938846,63
1144259631,1417938846,84
1700810371,1417938846,159
1053453795,1417938846,74
1790891315,1417938846,470
1013179860,1417938846,151
1205826526,1417938846,1765
1508838400,1417938846,108
1275888992,1417938846,122
1558355941,1417938846,239
1104933738,1417938846,872
1134410129,1417938846,57
1780667006,1417938846,288
1912979501,1417938846,51
1871696096,1417938846,67
1275536468,1417938846,294
1447366075,1417938846,345
1861541351,1417938846,1422
1225027014,1417938846,167
1508916586,1417938846,339
1942290333,1417938846,151
1184619124,1417938846,99
1144309121,1417938846,63
1508935776,1417938846,586
1285615278,1417938846,87
1679689285,1417938846,185
1861541351,1033200852,61
1134211550,1861479545,112
1376508374,1861479545,2310
1912166752,1861479545,1172
1093155913,1861479545,146
1942429816,1861479545,157
1043400435,1861479545,620
1578531174,1861479545,1193
1932381795,1861479545,552
1831169069,1861479545,149
1962515023,1861479545,1876
1316054133,1861479545,1724
1689784555,1861479545,275
1548332505,1861479545,182
1881850667,1861479545,303
1750324315,1861479545,273
1306111497,1861479545,411
1770578882,1861479545,156
1962656322,1861479545,1090
1578728283,1861479545,300
1154344836,1861479545,1630
1114979184,1861479545,1490
1891788840,1861479545,2184
1093830176,1861479545,202
1407274251,1861479545,232
1700871191,1861479545,72
1073603411,1861479545,69
1104897164,1861479545,81
1528174752,1861479545,88
1518161009,1861479545,150
1659474336,1861479545,293
1518143122,1861479545,159
1760574610,1861479545,89
1215916838,1861479545,1303
1932188554,1861479545,1077
1548225444,1861479545,1262
1710058136,1861479545,1174
1417900820,1861479545,132
1902078041,1861479545,117
1134355647,1861479545,396
1710032255,1861479545,182
1386664662,1861479545,101
1578531851,1861479545,1011
1740258011,1861479545,1935
1437260296,1861479545,71
1568465623,1861479545,59
1962470567,1861479545,2516
1831121011,1861479545,135
1689891889,1861479545,70
1033297429,1861479545,1239
1154425361,1861479545,144
1821145624,1861479545,115
1497793731,1861479545,97
1831181957,1861479545,1068
1376635052,1861479545,867
1316975485,1861479545,128
1548317498,1861479545,124
1912060468,1861479545,1626
1922092535,1861479545,86
1033353487,1861479545,288
1548557150,1861479545,830
1336331719,1861479545,80
1407141302,1861479545,582
1346291952,1861479545,275
1831345669,1861479545,662
1467406314,1861479545,1700
1124246681,1861479545,1913
1245208602,1861479545,136
1336200385,1861479545,876
1831139799,1861479545,150
1780904631,1861479545,62
1861451338,1861479545,258
1598833808,1861479545,110
1144377011,1861479545,71
1982829297,1861479545,1254
1184867939,1861479545,592
1154398105,1861479545,959
1407141773,1861479545,927
1487749446,1861479545,115
1326101924,1861479545,1571
1598021073,1861479545,251
1629039292,1861479545,56
1215105895,1861479545,89
1649480237,1861479545,108
1023452331,1861479545,928
1306891262,1861479545,54
1568455517,1861479545,2620
1497732762,1861479545,1168
1316985120,1861479545,64
1891773057,1861479545,353
1356304984,1861479545,82
1821257502,1861479545,579
1508839622,1861479545,65
1740240902,1861479545,488
1174517593,1861479545,88
1750494969,1861479545,770
1437316106,1861479545,945
1932283041,1861479545,57
1902035371,1861479545,1025
1487672291,1861479545,88
1851384747,1861479545,988
1659631299,1861479545,919
1083606248,1861479545,243
1871539502,1861479545,55
1134203243,1861479545,225
1861639031,1861479545,511
1215029897,1861479545,1861
1467428680,1861479545,996
1285781161,1861479545,557
1891887659,1861479545,849
1144309121,1861479545,62
1386600906,1861479545,1265
1962632968,1861479545,524
1578597704,1861479545,105
1578857017,1861479545,767
1487067963,1861479545,234
1891708012,1861479545,1865
1467418087,1861479545,1233
1285627398,1861479545,165
1497738462,1861479545,54
1972708667,1861479545,496
1447382221,1861479545,119
1942348081,1861479545,94
1508008053,1861479545,1584
1558653923,1861479545,690
1225031073,1861479545,58
1861507782,1861479545,68
1114019833,1861479545,1144
1386710051,1861479545,632
1386663144,1861479545,128
1457746331,1861479545,96
1851407548,1861479545,1228
1902196165,1861479545,1086
1649362062,1861479545,53
1720020761,1861479545,317
1619916970,1861479545,99
1861430621,1861479545,186
1386698058,1861479545,390
1912166752,1578591756,76
1578531174,1578591756,51
1962515023,1578591756,79
1316054133,1578591756,80
1548332505,1578591756,269
1891788840,1578591756,90
1417900820,1578591756,171
1578531851,1578591756,52
1740258011,1578591756,65
1962470567,1578591756,78
1033297429,1578591756,306
1912060468,1578591756,302
1467406314,1578591756,113
1124246681,1578591756,216
1861451338,1578591756,165
1982829297,1578591756,1400
1326101924,1578591756,98
1568455517,1578591756,79
1891773057,1578591756,84
1740240902,1578591756,542
1902035371,1578591756,86
1851384747,1578591756,90
1215029897,1578591756,56
1285781161,1578591756,58
1386600906,1578591756,56
1467418087,1578591756,311
1972708667,1578591756,86
1508008053,1578591756,223
1851407548,1578591756,1569
1861430621,1578591756,264
1831186188,1568551455,163
1689653461,1568551455,201
1366736845,1568551455,194
1578728283,1568551455,186
1518161009,1568551455,178
1811935612,1568551455,239
1750338539,1568551455,241
1891132767,1568551455,171
1003071333,1568551455,175
1679832950,1568551455,149
1073518734,1568551455,204
1841278157,1568551455,149
1588899082,1568551455,229
1881619609,1568551455,370
1770774754,1568551455,201
1528115482,1568551455,100
1578530796,1568551455,93
1962816207,1568551455,169
1518054626,1568551455,50
1548571052,1669567897,106
1659428548,1669567897,233
1790891315,1669567897,515
1184612921,1669567897,112
1982724076,1669567897,216
1043294747,1669567897,266
1013179860,1669567897,633
1417011008,1669567897,684
1023205531,1669567897,218
1104818889,1669567897,54
1174565543,1669567897,244
1487674016,1669567897,105
1568448736,1669567897,202
1588684104,1669567897,52
1003819277,1669567897,52
1063506921,1669567897,1890
1417131715,1669567897,118
1982703328,1669567897,172
1104933738,1669567897,138
1659530194,1669567897,83
1376616771,1669567897,90
1043394166,1669567897,65
1679667521,1669567897,276
1174517593,1669567897,172
1871696096,1669567897,64
1275536468,1669567897,453
1447366075,1669567897,1186
1225027014,1669567897,572
1487644522,1669567897,77
1265606255,1669567897,125
1487723342,1669567897,960
1447256490,1669567897,878
1356492342,1669567897,117
1174500896,1669567897,188
1811104003,1669567897,646
1245368943,1669567897,62
1407057946,1669567897,155
1821069501,1669567897,537
1679557565,1669567897,1025
1679689285,1669567897,1324
1720282205,1669567897,295
1417046806,1669567897,163
1316944648,1669567897,479
1336230424,1669567897,50
1457346132,1881642809,171
1942255575,1922319037,96
1114313319,1922319037,106
1457428195,1922319037,355
1902823099,1922319037,76
1174669998,1922319037,313
1346345154,1922319037,657
1548366222,1922319037,93
1447307251,1922319037,128
1457346132,1922319037,128
1366497273,1922319037,125
1790753259,1922319037,137
1366499261,1922319037,248
1790757821,1922319037,104
1881646073,1922319037,78
1558355941,1922319037,372
1619945292,1922319037,64
1871589473,1922319037,253
1174919617,1922319037,144
1821386525,1922319037,70
1942290333,1922319037,81
1184619124,1104137215,111
1184619124,1922319037,2077
1225039290,1922319037,139
1043205008,1922319037,69
1679546717,1922319037,143
1861430621,1922319037,353
1184619124,1366703225,82
1083609481,1942442710,121
1114974979,1942442710,164
1417944760,1942442710,158
1306862669,1649659582,259
1518974732,1649659582,342
1407848534,1649659582,468
1255323382,1649659582,173
1578555611,1649659582,342
1235242181,1649659582,111
1841282779,1649659582,493
1962409433,1649659582,294
1770575607,1649659582,507
1821080961,1649659582,520
1255316519,1518346469,253
1316351844,1508247016,586
1316351844,1912388422,69
1316351844,1710368220,103
1316351844,1518346469,552
1396799979,1518346469,200
1023019429,1518346469,602
1023019429,1508247016,129
1568488708,1508247016,64
1568488708,1518346469,597
1982661617,1518346469,132
1780819375,1518346469,270
1205822962,1518346469,227
1457346132,1518346469,440
1518974732,1518346469,60
1427180868,1518346469,235
1033278429,1518346469,59
1932172624,1518346469,360
1629064738,1518346469,472
1144221391,1508247016,132
1144221391,1518346469,605
1861405409,1518346469,59
1811158942,1518346469,273
1780623579,1508247016,51
1780623579,1518346469,531
1952397606,1518346469,402
1952397606,1508247016,61
1417040205,1508247016,87
1417040205,1518346469,91
1922045137,1518346469,487
1922045137,1508247016,81
1952454332,1518346469,254
1003813874,1710368220,234
1003813874,1508247016,835
1003813874,1518346469,815
1003813874,1912388422,173
1528055381,1508247016,50
1528055381,1518346469,283
1306891262,1508247016,50
1306891262,1518346469,225
1770521502,1518346469,281
1770521502,1508247016,71
1184611493,1518346469,553
1184611493,1508247016,56
1922278126,1508247016,236
1922278126,1518346469,925
1982672507,1518346469,79
1447284864,1508247016,85
1447284864,1518346469,249
1033187810,1518346469,50
1528005667,1518346469,145
1497794291,1518346469,70
1871685743,1518346469,126
1336147776,1912388422,103
1336147776,1518346469,677
1336147776,1508247016,688
1336147776,1710368220,106
1285627398,1518346469,809
1285627398,1508247016,222
1285627398,1710368220,50
1669799532,1518346469,73
1154341543,1508247016,82
1154341543,1518346469,649
1710920467,1508247016,53
1710920467,1518346469,356
1295709897,1508247016,83
1295709897,1518346469,359
1659342384,1508247016,74
1659342384,1518346469,301
1609848738,1518346469,142
1821080961,1518346469,57
1598973273,1508247016,69
1598973273,1518346469,605
1962664680,1164590386,173
1013958776,1164590386,628
1003075862,1164590386,250
1457310286,1164590386,946
1346504529,1164590386,81
1720371594,1164590386,309
1235172800,1164590386,458
1215377932,1164590386,230
1154392918,1164590386,196
1790758514,1164590386,177
1588928980,1164590386,1015
1396737177,1164590386,142
1205830015,1164590386,225
1306053939,1164590386,96
1659588929,1164590386,230
1023019429,1164590386,111
1437138641,1164590386,53
1205978152,1164590386,261
1568488708,1164590386,79
1780654285,1164590386,65
1558448423,1164590386,85
1720195878,1164590386,62
1881642791,1164590386,141
1982661617,1164590386,1215
1356315063,1164590386,122
1780819375,1164590386,344
1649274515,1164590386,77
1740275221,1164590386,88
1902075500,1164590386,445
1952386393,1164590386,530
1770639619,1164590386,147
1528061223,1164590386,57
1023076882,1164590386,116
1649293390,1164590386,635
1831287630,1164590386,298
1750368403,1164590386,633
1174718480,1164590386,671
1598719536,1164590386,249
1053306175,1164590386,114
1184612921,1164590386,172
1689694887,1164590386,93
1427180868,1164590386,1499
1124061676,1164590386,155
1841225661,1164590386,115
1184069429,1164590386,91
1811935612,1164590386,68
1497893556,1164590386,66
1407890593,1164590386,98
1295720605,1164590386,91
1609844489,1164590386,644
1659473452,1164590386,170
1932172624,1164590386,51
1457317257,1164590386,1676
1629064738,1164590386,57
1366642415,1164590386,785
1801007596,1164590386,72
1205945300,1164590386,51
1144221391,1164590386,90
1861689432,1164590386,87
1730102278,1164590386,140
1841387941,1164590386,98
1942620232,1164590386,995
1831269406,1164590386,234
1730292913,1164590386,102
1861405409,1164590386,685
1376544767,1164590386,136
1700823713,1164590386,147
1942412358,1164590386,147
1811158942,1164590386,522
1780623579,1164590386,101
1528105616,1164590386,451
1700846334,1164590386,87
1659639847,1164590386,68
1518919000,1164590386,380
1861451338,1164590386,110
1043281710,1164590386,168
1942299359,1164590386,131
1285862482,1164590386,100
1619969482,1164590386,1139
1134117690,1164590386,552
1295052934,1164590386,737
1902062391,1164590386,92
1598736266,1164590386,202
1912325150,1164590386,861
1164832648,1164590386,844
1518178441,1164590386,336
1346238656,1164590386,187
1851362628,1164590386,197
1790766590,1164590386,80
1922285337,1164590386,62
1881012664,1164590386,150
1184611493,1164590386,75
1922278126,1164590386,154
1417956830,1164590386,52
1215926860,1164590386,117
1134247570,1164590386,63
1306981741,1164590386,139
1447284864,1164590386,1348
1104859115,1164590386,767
1598887473,1164590386,114
1841360930,1164590386,247
1649426016,1164590386,98
1124003561,1164590386,488
1750701900,1164590386,71
1033370986,1164590386,170
1497175632,1164590386,71
1639151400,1164590386,90
1811985815,1164590386,233
1003198359,1164590386,359
1154534923,1164590386,1223
1992091995,1164590386,194
1235154683,1164590386,384
1447212964,1164590386,82
1215926886,1164590386,175
1619906856,1164590386,62
1831122860,1164590386,776
1124096904,1164590386,664
1831149152,1164590386,83
1487096459,1164590386,50
1033187810,1164590386,553
1568406783,1164590386,1297
1255642856,1164590386,398
1942594932,1164590386,209
1528404944,1164590386,69
1972749174,1164590386,702
1962490359,1164590386,125
1467418871,1164590386,57
1902224041,1164590386,592
1679517445,1164590386,323
1366731697,1164590386,54
1912276890,1164590386,493
1285627398,1164590386,130
1770525107,1164590386,264
1669799532,1164590386,67
1184650145,1164590386,83
1952404402,1164590386,173
1699088096,1164590386,99
1487608964,1164590386,114
1528090214,1164590386,50
1154341543,1164590386,88
1427073451,1164590386,587
1184048795,1164590386,128
1700827763,1164590386,101
1881624450,1164590386,591
1710920467,1164590386,51
1972573038,1164590386,137
1306834700,1164590386,174
1659342384,1164590386,80
1205878402,1164590386,638
1356592778,1164590386,916
1023157195,1164590386,962
1043351471,1164590386,484
1417046806,1164590386,989
1083614044,1164590386,151
1720241185,1164590386,568
1407888357,1164590386,172
1861430621,1164590386,73
1598973273,1164590386,721
1275828089,1164590386,1185
1386878957,1447639398,74
1376544767,1447639398,415
1376544767,1700267218,71
1700823713,1700267218,79
1700823713,1447639398,464
1235242181,1447639398,178
1003854258,1447639398,123
1144264458,1629025648,74
1396739140,1780778969,89
1346504529,1780778969,609
1558386771,1629025648,399
1942203120,1780778969,756
1942429816,1780778969,214
1942429816,1629025648,1664
1902070238,1629025648,57
1407896749,1629025648,1004
1679521090,1629025648,54
1679521090,1780778969,225
1902823099,1629025648,55
1306037775,1629025648,171
1306037775,1780778969,78
1396799979,1780778969,128
1396799979,1629025648,735
1831169069,1629025648,129
1154313708,1780778969,444
1154313708,1629025648,76
1225203540,1780778969,516
1982644886,1629025648,202
1508276213,1629025648,58
1902953706,1629025648,845
1902953706,1780778969,67
1588928980,1629025648,59
1467456228,1780778969,627
1558315168,1629025648,1026
1063458255,1780778969,93
1063458255,1629025648,63
1972718104,1780778969,384
1306053939,1780778969,591
1356332068,1629025648,175
1053425181,1629025648,64
1639201130,1629025648,924
1972548220,1629025648,130
1972548220,1780778969,131
1962778167,1629025648,308
1952345001,1780778969,134
1154376259,1780778969,215
1376585174,1629025648,211
1578728283,1780778969,63
1164426979,1780778969,703
1225078561,1629025648,131
1285662148,1780778969,158
1295770915,1780778969,94
1114979184,1629025648,70
1508862939,1780778969,111
1982661617,1780778969,54
1114001229,1629025648,284
1437449766,1780778969,69
1134178171,1629025648,721
1770842759,1780778969,51
1114966835,1780778969,79
1114966835,1629025648,755
1093150351,1780778969,149
1568406411,1780778969,424
1427445220,1629025648,353
1023000999,1629025648,249
1023000999,1780778969,77
1881639136,1780778969,149
1275680134,1629025648,1037
1649274515,1780778969,719
1306862669,1780778969,81
1740275221,1780778969,646
1891963591,1780778969,153
1326086653,1629025648,2228
1114004983,1780778969,87
1316933955,1629025648,128
1447307251,1629025648,62
1447307251,1780778969,111
1902162431,1629025648,228
1902162431,1780778969,59
1770519704,1629025648,1938
1962499582,1629025648,105
1457346132,1780778969,147
1275524936,1629025648,156
1275524936,1780778969,177
1073516001,1629025648,54
1316987654,1629025648,178
1750524856,1629025648,52
1649566258,1629025648,854
1700810371,1780778969,55
1700810371,1629025648,78
1598719536,1629025648,1798
1912970021,1780778969,75
1184612921,1629025648,52
1184612921,1780778969,109
1225029994,1780778969,129
1710032255,1629025648,104
1710032255,1780778969,109
1649218819,1629025648,1279
1427180868,1629025648,92
1124175922,1780778969,60
1588655021,1629025648,181
1467645903,1629025648,60
1912101494,1780778969,58
1912101494,1629025648,384
1386664662,1629025648,99
1043300288,1629025648,639
1730474321,1629025648,151
1598812455,1780778969,98
1598812455,1629025648,921
1184069429,1780778969,617
1811935612,1780778969,62
1407890593,1629025648,66
1407890593,1780778969,100
1043294747,1780778969,52
1013957976,1629025648,357
1659375228,1780778969,54
1659375228,1629025648,82
1477598712,1780778969,194
1144288747,1629025648,85
1366497273,1629025648,750
1285625814,1629025648,66
1285625814,1780778969,180
1740262104,1629025648,56
1023205531,1629025648,497
1023205531,1780778969,76
1104818889,1629025648,50
1104818889,1780778969,213
1457317257,1629025648,130
1174565543,1780778969,507
1174565543,1629025648,68
1144224981,1780778969,555
1942314075,1629025648,96
1669463337,1780778969,133
1285723718,1780778969,130
1104817907,1780778969,176
1144221391,1629025648,61
1649278474,1629025648,1273
1861751703,1780778969,131
1841387941,1780778969,641
1427444058,1629025648,329
1184620460,1629025648,153
1184620460,1780778969,59
1104802271,1629025648,56
1104802271,1780778969,65
1497793731,1629025648,1618
1831181957,1629025648,65
1154312908,1780778969,88
1609970797,1780778969,77
1609970797,1629025648,676
1316975485,1780778969,116
1316975485,1629025648,54
1447440177,1629025648,840
1881646073,1629025648,116
1417983214,1629025648,1594
1417983214,1780778969,60
1548317498,1780778969,91
1548317498,1629025648,69
1194872051,1780778969,745
1831262385,1629025648,65
1407811722,1780778969,109
1912947318,1780778969,53
1912947318,1629025648,288
1932372505,1780778969,116
1427251859,1629025648,109
1811158942,1629025648,58
1174556492,1629025648,543
1174556492,1780778969,107
1780623579,1629025648,50
1801880737,1780778969,70
1679702716,1780778969,104
1679702716,1629025648,465
1003819277,1780778969,673
1417938432,1629025648,63
1386689636,1780778969,162
1063452902,1780778969,60
1063452902,1629025648,219
1245334333,1780778969,78
1245334333,1629025648,904
1952304966,1629025648,80
1538103692,1629025648,138
1538103692,1780778969,506
1558355941,1629025648,98
1831139799,1629025648,943
1922045137,1629025648,1291
1013908730,1780778969,263
1013908730,1629025648,765
1275597262,1780778969,79
1417964628,1780778969,77
1679568364,1780778969,67
1285862482,1780778969,612
1982703328,1629025648,51
1619969482,1629025648,101
1245275593,1780778969,65
1538112495,1629025648,54
1538112495,1780778969,200
1184914129,1629025648,92
1104269067,1780778969,57
1104269067,1629025648,959
1295052934,1629025648,53
1871573196,1780778969,124
1639249774,1780778969,54
1619075207,1629025648,762
1619075207,1780778969,118
1447242565,1780778969,142
1447242565,1629025648,95
1053314963,1780778969,782
1386608768,1780778969,263
1063485373,1780778969,54
1063485373,1629025648,269
1104863554,1780778969,56
1104863554,1629025648,723
1336377837,1780778969,98
1033100763,1780778969,69
1073580338,1780778969,67
1710100656,1780778969,208
1710100656,1629025648,54
1508890286,1629025648,633
1508890286,1780778969,92
1588789044,1780778969,50
1588789044,1629025648,232
1649480237,1629025648,131
1598871642,1780778969,156
1457455693,1780778969,53
1881638179,1780778969,249
1306891262,1629025648,1670
1306891262,1780778969,123
1770640187,1780778969,732
1912954231,1629025648,744
1790723013,1629025648,308
1770521502,1629025648,1248
1679620470,1629025648,174
1699773150,1780778969,168
1427052224,1780778969,708
1386686137,1629025648,1056
1538256672,1629025648,210
1255368767,1629025648,1605
1740271170,1629025648,126
1740271170,1780778969,74
1316985120,1780778969,165
1316985120,1629025648,1694
1922280692,1780778969,85
1922280692,1629025648,105
1992790091,1780778969,122
1518178441,1780778969,126
1518178441,1629025648,1119
1316029226,1780778969,127
1316029226,1629025648,1532
1245203355,1629025648,75
1467494591,1780778969,85
1588655153,1780778969,89
1902812571,1780778969,55
1285676247,1629025648,1009
1922285337,1780778969,70
1922285337,1629025648,1481
1457355257,1780778969,762
1548251242,1780778969,56
1184611493,1629025648,50
1922278126,1629025648,102
1922278126,1780778969,57
1639186349,1780778969,68
1417956830,1780778969,334
1609295351,1780778969,69
1194751354,1780778969,349
1356395990,1629025648,394
1235137183,1780778969,58
1700839263,1780778969,104
1700839263,1629025648,404
1679515431,1629025648,424
1679515431,1780778969,76
1063452399,1629025648,258
1750701900,1780778969,705
1619254141,1780778969,89
1952590705,1629025648,64
1497175632,1780778969,617
1487672291,1629025648,55
1487672291,1780778969,57
1447204961,1780778969,798
1720144454,1780778969,303
1750376786,1780778969,253
1154534923,1780778969,93
1154534923,1629025648,102
1871770123,1780778969,54
1942226519,1780778969,865
1881803492,1629025648,129
1881803492,1780778969,136
1386820413,1629025648,392
1386820413,1780778969,100
1639314776,1780778969,59
1750394060,1780778969,83
1083606248,1780778969,133
1083606248,1629025648,748
1356325237,1780778969,118
1578677274,1629025648,84
1578677274,1780778969,118
1942290333,1629025648,133
1831149152,1780778969,651
1316980352,1629025648,345
1316980352,1780778969,127
1881638971,1629025648,294
1881638971,1780778969,326
1407880016,1629025648,156
1184619124,1629025648,89
1578604906,1780778969,785
1528005667,1629025648,936
1538150289,1780778969,56
1790729887,1780778969,331
1497789556,1780778969,130
1144309121,1629025648,90
1255355277,1780778969,54
1417903378,1780778969,127
1023009818,1780778969,91
1477548675,1780778969,152
1689677619,1629025648,97
1932128782,1780778969,1369
1457465668,1629025648,548
1841418860,1780778969,98
1255370029,1629025648,344
1255370029,1780778969,63
1215995972,1629025648,67
1730115981,1780778969,57
1730115981,1629025648,80
1063415131,1629025648,57
1770582140,1629025648,874
1184615809,1629025648,76
1578597704,1629025648,75
1578597704,1780778969,54
1144211830,1629025648,230
1619269008,1780778969,97
1871584532,1780778969,296
1871584532,1629025648,152
1902013410,1780778969,140
1528404944,1780778969,531
1427043645,1780778969,184
1396784971,1629025648,134
1265465959,1629025648,58
1265465959,1780778969,209
1730145640,1629025648,314
1265875553,1629025648,572
1982614814,1629025648,357
1144594573,1629025648,789
1285695171,1780778969,59
1730236613,1629025648,51
1740271402,1780778969,94
1740271402,1629025648,358
1871685743,1629025648,1388
1235357062,1780778969,123
1811104003,1780778969,104
1811104003,1629025648,194
1346426038,1780778969,139
1831289255,1629025648,1212
1942203963,1780778969,1234
1073505830,1629025648,1727
1073505830,1780778969,157
1528487113,1629025648,521
1528487113,1780778969,84
1366446171,1780778969,1181
1285627398,1629025648,1501
1285627398,1780778969,123
1104820760,1780778969,361
1154366409,1780778969,171
1154366409,1629025648,51
1740487305,1629025648,95
1558309971,1629025648,476
1184650145,1780778969,682
1952404402,1780778969,58
1538150156,1780778969,163
1801996012,1780778969,55
1801996012,1629025648,957
1841237450,1629025648,847
1245368943,1780778969,78
1699088096,1780778969,522
1154341543,1629025648,54
1437392917,1780778969,69
1437392917,1629025648,820
1427073451,1629025648,82
1902004005,1780778969,152
1265423099,1780778969,67
1215216890,1780778969,92
1902328362,1780778969,69
1225031073,1629025648,1245
1700827763,1780778969,556
1396736963,1780778969,62
1255301800,1629025648,78
1255301800,1780778969,73
1023065232,1629025648,245
1679546717,1629025648,51
1679546717,1780778969,132
1124067533,1629025648,221
1427051432,1780778969,1022
1659710077,1780778969,72
1952307233,1780778969,192
1760475396,1780778969,137
1760475396,1629025648,605
1659342384,1629025648,1132
1366706459,1629025648,210
1205878402,1629025648,53
1801888060,1629025648,58
1801888060,1780778969,663
1720241185,1780778969,79
1720241185,1629025648,1289
1932331550,1629025648,721
1063403434,1780778969,148
1598718330,1629025648,60
1609848738,1780778969,260
1396753356,1629025648,171
1396753356,1780778969,62
1538363023,1780778969,64
1538363023,1629025648,927
1952304990,1780778969,538
1003013160,1629025648,51
1679576839,1780778969,761
1750389607,1629025648,62
1285625731,1629025648,92
1285625731,1780778969,144
1194743914,1780778969,286
1649262338,1629025648,84
1649262338,1780778969,836
1619916970,1629025648,1228
1861430621,1629025648,1804
1861430621,1780778969,235
1538324496,1780778969,233
1598973273,1780778969,83
1598973273,1629025648,83
1154313708,1215937982,1009
1225203540,1215937982,83
1164426979,1215937982,347
1285662148,1215937982,232
1457346132,1215937982,163
1104818889,1215937982,208
1144224981,1215937982,56
1194872051,1215937982,67
1679568364,1215937982,60
1992790091,1215937982,143
1457355257,1215937982,220
1578604906,1215937982,361
1477548675,1215937982,174
1427043645,1215937982,277
1811104003,1215937982,72
1366446171,1215937982,603
1104820760,1215937982,214
1902328362,1215937982,108
1679521090,1992861314,62
1174565543,1992861314,143
1194751354,1992861314,64
1194743914,1992861314,69
1790758514,1932170750,50
1396737177,1932170750,62
1780654285,1932170750,208
1881642791,1932170750,1194
1831281245,1932170750,94
1861689432,1932170750,971
1861451338,1932170750,930
1598833808,1932170750,54
1104917061,1932170750,257
1790766590,1932170750,59
1982672507,1932170750,461
1033370986,1932170750,250
1962662858,1932170750,154
1912060906,1932170750,200
1558384099,1932170750,378
1992091995,1932170750,340
1942594932,1932170750,256
1730241159,1932170750,632
1972573038,1932170750,228
1649362062,1932170750,241
1457428195,1245541358,56
1457346132,1023061520,62
1790757821,1023061520,78
1184619124,1023061520,80
1679546717,1023061520,53
1902823099,1285644237,393
1104890003,1285644237,59
1700810371,1285644237,56
1053453795,1285644237,103
1790891315,1285644237,71
1013179860,1285644237,62
1730114315,1285644237,73
1508838400,1285644237,132
1891726303,1285644237,119
1063739480,1285644237,94
1558355941,1285644237,292
1104933738,1285644237,92
1134410129,1285644237,95
1912979501,1285644237,73
1235215518,1285644237,57
1467498279,1285644237,109
1275536468,1285644237,77
1225027014,1285644237,89
1942290333,1285644237,178
1407090236,1285644237,107
1356308779,1285644237,95
1235101809,1285644237,91
1942255575,1447571658,143
1720029101,1447571658,87
1437121092,1447571658,277
1679558738,1669793865,76
1679558738,1447571658,1005
1902823099,1447571658,1008
1891861506,1447571658,200
1104890003,1447571658,1364
1174564314,1447571658,564
1891767794,1447571658,348
1326086653,1447571658,55
1447307251,1447571658,764
1871565457,1447571658,279
1144259631,1447571658,296
1700810371,1447571658,1558
1003113200,1447571658,62
1053453795,1447571658,1345
1790891315,1447571658,966
1184612921,1447571658,278
1104244458,1447571658,142
1013179860,1447571658,809
1740252642,1447571658,51
1124043880,1447571658,263
1124097126,1447571658,158
1871565465,1447571658,381
1205826526,1447571658,307
1730114315,1447571658,638
1750444139,1447571658,247
1508838400,1447571658,1787
1588738744,1447571658,114
1891726303,1447571658,953
1295706257,1447571658,211
1881646073,1447571658,56
1063739480,1548581598,66
1063739480,1447571658,1000
1649212598,1447571658,381
1033316484,1447571658,53
1801866199,1447571658,74
1003819277,1447571658,121
1760414429,1447571658,75
1558355941,1447571658,1042
1083622575,1447571658,57
1992770929,1447571658,256
1144667288,1447571658,130
1104933738,1447571658,1161
1447296959,1447571658,404
1861485039,1447571658,391
1134410129,1447571658,1158
1366571523,1447571658,269
1629094438,1447571658,75
1114916095,1447571658,75
1720034127,1447571658,74
1427046622,1447571658,57
1518976315,1447571658,62
1912979501,1447571658,775
1124007984,1447571658,88
1235215518,1447571658,462
1295919041,1447571658,200
1245203355,1447571658,630
1427040021,1447571658,248
1205879467,1447571658,56
1871696096,1447571658,170
1467498279,1447571658,1240
1275536468,1447571658,995
1427023894,1447571658,105
1447366075,1447571658,506
1740311521,1447571658,188
1831123488,1447571658,61
1861541351,1447571658,401
1144383738,1447571658,58
1225027014,1447571658,1054
1578615522,1447571658,149
1134154461,1447571658,131
1487644522,1447571658,52
1508916586,1447571658,87
1881803492,1447571658,313
1265606255,1447571658,62
1790770378,1447571658,50
1306969696,1447571658,600
1942290333,1447571658,2401
1184619124,1447571658,148
1144309121,1447571658,154
1629040522,1447571658,380
1902013410,1447571658,80
1083665962,1447571658,101
1407090236,1548581598,103
1407090236,1447571658,1430
1508002015,1447571658,199
1356308779,1447571658,1072
1457795239,1447571658,105
1508935776,1447571658,102
1083687305,1447571658,576
1104871029,1447571658,439
1245368943,1447571658,132
1679832661,1447571658,62
1225031073,1447571658,78
1255301800,1447571658,67
1285615278,1447571658,51
1679689285,1447571658,833
1659342384,1447571658,61
1235101809,1447571658,772
1336230424,1447571658,456
1588655377,1245271741,405
1942255575,1467763458,517
1902823099,1467763458,77
1891861506,1467763458,522
1699834903,1467763458,118
1588738744,1467763458,149
1558355941,1467763458,142
1104933738,1467763458,121
1184619124,1467763458,70
1942255575,1821350349,317
1174730386,1598738205,135
1528174752,1598738205,52
1437260296,1598738205,51
1144377011,1598738205,53
1700933504,1598738205,60
1477640589,1598738205,59
1508839622,1598738205,50
1639362171,1598738205,55
1467491670,1598738205,52
1154311413,1598738205,58
1649362062,1598738205,77
1134211550,1396882205,485
1962664680,1396882205,87
1679665095,1396882205,1769
1720033038,1396882205,68
1730295742,1396882205,1148
1013958776,1396882205,841
1932180007,1396882205,183
1760682280,1396882205,132
1144264458,1396882205,149
1942255575,1306889597,685
1942255575,1215979190,182
1942255575,1396882205,100
1548571052,1396882205,51
1205030780,1396882205,93
1497847800,1396882205,2173
1144588690,1396882205,380
1447358395,1396882205,101
1902192008,1396882205,402
1912166752,1396882205,238
1396932463,1396882205,78
1346397205,1396882205,53
1689841744,1396882205,206
1689686503,1396882205,561
1558386771,1306889597,771
1740484229,1396882205,74
1659362002,1396882205,408
1912016650,1396882205,574
1487947396,1396882205,274
1174730386,1396882205,201
1679558738,1396882205,119
1548464027,1396882205,993
1669529616,1396882205,111
1669657763,1396882205,155
1194969196,1396882205,490
1841387974,1396882205,1666
1679521090,1396882205,91
1902823099,1396882205,87
1902823099,1306889597,428
1578531174,1396882205,84
1306037775,1396882205,80
1275767261,1396882205,66
1174670046,1396882205,81
1215377932,1396882205,133
1154392918,1396882205,113
1932381795,1396882205,2640
1831169069,1396882205,129
1386901536,1396882205,88
1174727655,1396882205,138
1114961596,1396882205,60
1790758514,1396882205,76
1508821026,1396882205,56
1154313708,1396882205,61
1457435562,1396882205,230
1225269103,1396882205,467
1285733618,1396882205,1842
1962515023,1396882205,141
1316054133,1396882205,186
1609963727,1396882205,1002
1912099342,1396882205,858
1780837203,1396882205,109
1982644886,1396882205,72
1588928980,1396882205,114
1710270194,1396882205,167
1174670962,1396882205,1233
1881673093,1396882205,57
1174669998,1306889597,464
1174669998,1396882205,107
1396737177,1306889597,52
1396737177,1396882205,60
1891861506,1306889597,53
1669473716,1396882205,913
1801086665,1396882205,597
1073605499,1396882205,876
1063449031,1396882205,303
1932139474,1396882205,73
1104890003,1396882205,60
1255488052,1396882205,997
1306896519,1396882205,390
1356332068,1396882205,71
1245267723,1396882205,643
1053425181,1396882205,94
1053425181,1306889597,385
1124146683,1396882205,146
1245313741,1396882205,183
1851345755,1396882205,73
1174564314,1396882205,63
1417970831,1396882205,448
1972548220,1396882205,97
1770578882,1396882205,157
1023019429,1396882205,71
1659514354,1396882205,216
1073856696,1396882205,69
1154491207,1396882205,52
1437138641,1396882205,77
1154376259,1396882205,56
1366599151,1396882205,444
1700852688,1396882205,119
1699194688,1396882205,478
1730276874,1396882205,714
1205819695,1396882205,215
1205923331,1396882205,775
1508039751,1396882205,399
1578728283,1396882205,55
1144469826,1396882205,296
1346339710,1396882205,65
1154344836,1396882205,150
1649680406,1396882205,209
1780654285,1396882205,60
1497070932,1396882205,562
1891114443,1396882205,203
1447562210,1396882205,192
1114979184,1396882205,165
1699722371,1396882205,283
1891788840,1396882205,114
1093830176,1396882205,87
1881642791,1396882205,253
1003860982,1396882205,60
1518066950,1396882205,87
1982661617,1396882205,183
1982751707,1396882205,387
1407838931,1396882205,92
1073603411,1396882205,169
1528174752,1396882205,2811
1063407351,1396882205,73
1629176573,1396882205,656
1659474336,1396882205,175
1780819375,1396882205,89
1265426050,1396882205,67
1306040894,1396882205,190
1275528770,1396882205,64
1023000999,1396882205,108
1942245683,1396882205,155
1326214438,1396882205,136
1770557159,1396882205,430
1225411010,1396882205,59
1881639136,1396882205,51
1417049834,1396882205,1227
1700080298,1396882205,99
1386615540,1396882205,56
1891879904,1396882205,65
1487701280,1396882205,543
1518143122,1396882205,90
1306862669,1396882205,138
1942364948,1396882205,735
1891963591,1396882205,54
1659425940,1396882205,1031
1316101249,1396882205,82
1316933955,1396882205,123
1013092089,1396882205,65
1093718272,1396882205,101
1972805414,1396882205,988
1447307251,1396882205,129
1447307251,1306889597,72
1902075500,1396882205,396
1083871164,1396882205,197
1902162431,1396882205,53
1134211543,1396882205,68
1275631129,1396882205,1767
1275631129,1306889597,292
1962499582,1396882205,203
1770639619,1396882205,66
1295882348,1396882205,131
1922251982,1396882205,385
1710086152,1396882205,776
1851490288,1396882205,64
1457448557,1396882205,66
1073516001,1396882205,114
1316034424,1396882205,668
1588807168,1396882205,414
1649368366,1396882205,477
1316987654,1396882205,50
1356438493,1396882205,1398
1588822803,1396882205,722
1376538207,1396882205,76
1144259631,1396882205,66
1750524856,1396882205,73
1982999694,1396882205,80
1801829114,1396882205,65
1659647899,1396882205,240
1700810371,1396882205,122
1184612921,1396882205,160
1982724076,1396882205,61
1265636757,1396882205,79
1407848534,1396882205,65
1720284086,1396882205,1308
1154597458,1396882205,437
1710032255,1396882205,143
1255579652,1396882205,89
1417191453,1396882205,713
1588655021,1396882205,53
1386664662,1396882205,2079
1235172164,1396882205,1107
1124061676,1396882205,91
1770711657,1396882205,373
1952737439,1396882205,80
1073808747,1396882205,136
1851318562,1396882205,352
1578531851,1396882205,67
1366559536,1396882205,151
1811935612,1396882205,75
1619051729,1396882205,64
1104020684,1396882205,273
1437161221,1396882205,480
1407890593,1396882205,211
1306010749,1396882205,688
1235196395,1396882205,146
1144535634,1396882205,210
1093809857,1396882205,61
1073605481,1396882205,71
1598750697,1396882205,56
1043294747,1396882205,87
1740288810,1306889597,185
1831281245,1396882205,1109
1326057167,1306889597,748
1326057167,1396882205,97
1013957976,1396882205,66
1659375228,1396882205,63
1740258011,1396882205,120
1356433783,1396882205,1295
1437260296,1396882205,2166
1477598712,1396882205,73
1568465623,1396882205,2474
1477548154,1396882205,77
1659473452,1396882205,83
1891843975,1396882205,176
1144288747,1396882205,121
1144288747,1306889597,573
1962470567,1396882205,254
1417011008,1396882205,67
1831121011,1396882205,1482
1124043880,1396882205,56
1023205531,1396882205,83
1487854311,1396882205,117
1326013566,1396882205,86
1104818889,1396882205,108
1952493371,1396882205,714
1366431710,1396882205,619
1174565543,1396882205,91
1487674016,1396882205,72
1871565465,1396882205,51
1205826526,1306889597,66
1205826526,1396882205,84
1942314075,1306889597,760
1720181738,1396882205,60
1730114315,1306889597,160
1629064738,1396882205,69
1104808641,1396882205,57
1285723718,1396882205,131
1063445641,1396882205,64
1417190711,1396882205,320
1427066489,1396882205,77
1326135443,1396882205,1801
1104817907,1396882205,70
1215017330,1396882205,738
1942268693,1396882205,52
1851483275,1396882205,271
1104862234,1396882205,602
1699760587,1396882205,87
1689647489,1396882205,90
1871677971,1396882205,767
1952485062,1396882205,220
1083713424,1396882205,762
1730102278,1396882205,77
1083712939,1396882205,693
1821145624,1396882205,90
1891726303,1396882205,70
1508961996,1396882205,116
1184620460,1396882205,144
1104802271,1306889597,134
1497793731,1396882205,180
1831181957,1396882205,114
1154312908,1396882205,78
1376635052,1396882205,154
1467544874,1396882205,590
1831269406,1396882205,92
1316975485,1396882205,2138
1730292913,1396882205,58
1104810274,1396882205,186
1356440796,1396882205,194
1295882165,1396882205,105
1366526469,1396882205,513
1285732131,1396882205,56
1194716662,1396882205,150
1417948076,1396882205,381
1376570010,1396882205,279
1881646073,1306889597,712
1881646073,1396882205,139
1861405409,1396882205,72
1417056854,1396882205,619
1982692844,1396882205,75
1538268974,1396882205,859
1417983214,1396882205,88
1831172618,1396882205,875
1548317498,1396882205,328
1851303788,1396882205,495
1144312554,1396882205,461
1790884138,1396882205,1052
1912060468,1396882205,330
1245322668,1396882205,103
1760702658,1396882205,139
1003903139,1396882205,1104
1831262385,1396882205,207
1639343346,1396882205,1114
1073607784,1396882205,620
1982689279,1396882205,106
1588684104,1396882205,51
1548378805,1396882205,79
1912947318,1396882205,83
1659428456,1396882205,405
1528212156,1396882205,342
1942412358,1396882205,85
1427251859,1396882205,148
1811158942,1396882205,142
1942203849,1396882205,831
1124292081,1396882205,110
1174556492,1396882205,121
1013936079,1396882205,120
1437186418,1396882205,812
1447342860,1396882205,495
1386734069,1396882205,199
1730241084,1306889597,365
1467406314,1396882205,534
1528105616,1396882205,87
1003801788,1396882205,61
1801866199,1396882205,69
1578655791,1396882205,879
1649327446,1396882205,184
1417938432,1396882205,154
1790708097,1306889597,115
1386689636,1396882205,79
1215036652,1396882205,449
1063452902,1396882205,61
1548251705,1396882205,56
1548251705,1306889597,551
1487635777,1396882205,67
1356311831,1396882205,53
1679511554,1396882205,340
1245334333,1396882205,129
1760414429,1396882205,62
1497758445,1396882205,64
1154339737,1396882205,1265
1063506921,1396882205,175
1952304966,1396882205,123
1154418267,1396882205,57
1114019536,1396882205,322
1245300391,1396882205,59
1861496838,1396882205,194
1538103692,1396882205,246
1558355941,1396882205,155
1558355941,1306889597,571
1285620344,1396882205,212
1053519785,1396882205,156
1245556554,1396882205,335
1669615639,1396882205,75
1275620312,1396882205,545
1750480182,1396882205,96
1922045137,1306889597,60
1285629527,1396882205,611
1013908730,1396882205,86
1942397054,1396882205,215
1861451338,1396882205,200
1518068832,1396882205,153
1043281710,1396882205,151
1790736759,1396882205,445
1942357819,1396882205,57
1275597262,1396882205,71
1598833808,1396882205,2394
1174576599,1396882205,69
1992897326,1396882205,929
1144377011,1396882205,2007
1568453207,1396882205,50
1205897584,1396882205,90
1982703328,1396882205,145
1750384780,1396882205,54
1619969482,1396882205,220
1982829297,1396882205,111
1083798193,1396882205,363
1396965034,1396882205,497
1538112495,1396882205,62
1194046656,1396882205,205
1134486467,1396882205,294
1891887204,1396882205,662
1306950514,1396882205,449
1306950514,1306889597,460
1952689135,1396882205,211
1851488985,1396882205,739
1902993009,1396882205,104
1790001410,1396882205,123
1134337983,1396882205,52
1760749030,1396882205,656
1528122595,1396882205,221
1508913302,1396882205,637
1528109832,1396882205,1036
1487749446,1396882205,154
1467545541,1306889597,855
1942252952,1396882205,61
1417951302,1396882205,163
1700933504,1396882205,2631
1639249774,1396882205,67
1023100435,1396882205,248
1619075207,1396882205,103
1932102670,1396882205,88
1841566056,1396882205,64
1447242565,1396882205,134
1700105319,1396882205,264
1861888182,1396882205,188
1326101924,1396882205,644
1376538272,1396882205,52
1699099663,1396882205,170
1598750523,1396882205,1048
1164693008,1396882205,102
1598736266,1396882205,124
1356542369,1396882205,570
1437206232,1396882205,1010
1740365253,1396882205,79
1952629867,1396882205,67
1033100763,1396882205,83
1265464499,1396882205,84
1518992940,1396882205,142
1023165909,1396882205,683
1114019528,1396882205,254
1073580338,1396882205,52
1710100656,1396882205,75
1215105895,1396882205,142
1487881041,1396882205,1269
1225329634,1396882205,627
1710998760,1396882205,149
1508890286,1396882205,88
1588789044,1396882205,54
1558565093,1396882205,622
1659530194,1396882205,506
1144312562,1396882205,651
1427046622,1306889597,66
1427046622,1396882205,74
1477640589,1396882205,2265
1598871642,1396882205,50
1215084108,1396882205,257
1427224278,1396882205,125
1104912013,1396882205,222
1003063314,1396882205,387
1659570760,1396882205,166
1508822982,1396882205,170
1194817502,1396882205,147
1043394166,1396882205,4173
1497802219,1396882205,445
1417368770,1396882205,129
1518976315,1396882205,53
1457455693,1396882205,76
1881638179,1396882205,78
1982922878,1396882205,237
1639261068,1396882205,57
1033168059,1396882205,192
1831101708,1396882205,895
1790723013,1396882205,147
1407943517,1396882205,528
1568455517,1396882205,135
1699773150,1306889597,96
1538256672,1396882205,622
1740271170,1396882205,73
1912979501,1396882205,70
1306884150,1396882205,417
1457330649,1306889597,68
1154420594,1396882205,1077
1518952852,1396882205,122
1356304984,1396882205,888
1922280692,1396882205,114
1982796306,1396882205,1383
1992790091,1396882205,98
1679667521,1396882205,52
1467447664,1396882205,57
1851617021,1396882205,304
1811928385,1396882205,129
1841347721,1396882205,490
1508884875,1396882205,86
1649327537,1396882205,290
1346238656,1396882205,69
1336312602,1396882205,80
1598022493,1396882205,313
1841347705,1396882205,273
1558652388,1396882205,507
1598863011,1396882205,149
1467494591,1396882205,61
1215091129,1396882205,570
1992125983,1396882205,57
1932321395,1396882205,160
1508839622,1396882205,2328
1053303248,1396882205,72
1316112634,1396882205,626
1588655153,1396882205,75
1386639219,1396882205,107
1649217969,1396882205,407
1902812571,1396882205,97
1851362628,1396882205,82
1205879467,1396882205,55
1629160056,1396882205,198
1346292257,1396882205,68
1881012664,1396882205,67
1174517593,1396882205,5462
1184885923,1396882205,133
1033206149,1396882205,700
1821110933,1396882205,663
1548460066,1396882205,583
1184611493,1396882205,79
1861576977,1396882205,651
1306827605,1396882205,50
1912989989,1306889597,1639
1912989989,1396882205,114
1871696096,1396882205,68
1326135450,1396882205,570
1306981741,1396882205,62
1699815282,1396882205,51
1982672507,1396882205,158
1104859115,1396882205,1013
1598007049,1396882205,128
1598887473,1396882205,50
1841360930,1396882205,51
1376662718,1396882205,52
1932153244,1396882205,335
1194751354,1396882205,71
1073633780,1396882205,70
1821302597,1396882205,381
1235137183,1396882205,1556
1700839263,1396882205,80
1992148696,1396882205,125
1437206323,1396882205,1200
1891842787,1396882205,542
1720203417,1396882205,75
1679515431,1396882205,102
1750494969,1396882205,95
1821185935,1396882205,606
1992852792,1396882205,483
1427023894,1396882205,50
1063452399,1396882205,75
1649426016,1396882205,63
1124003561,1396882205,92
1487678835,1396882205,77
1710177654,1396882205,910
1033370986,1396882205,104
1952590705,1396882205,164
1699947655,1396882205,443
1861541351,1396882205,58
1861541351,1306889597,64
1215900980,1396882205,570
1932283041,1396882205,2061
1861464430,1396882205,51
1467660852,1396882205,937
1154324325,1396882205,69
1487672291,1396882205,233
1871577445,1396882205,728
1932296043,1396882205,204
1396848305,1396882205,114
1316096373,1396882205,848
1578615522,1396882205,100
1851384747,1396882205,113
1811089238,1396882205,704
1750376786,1396882205,69
1487644522,1396882205,50
1063864775,1396882205,111
1205983186,1396882205,640
1780776104,1396882205,522
1912060906,1396882205,1115
1336134501,1396882205,52
1811985815,1396882205,51
1447288055,1396882205,99
1518959311,1396882205,408
1881803492,1396882205,67
1386820413,1396882205,79
1619004066,1396882205,540
1295093615,1396882205,98
1669554556,1396882205,546
1992091995,1396882205,93
1750394060,1396882205,1196
1083606248,1396882205,130
1487723342,1396882205,114
1821301920,1396882205,67
1356325237,1396882205,60
1578677274,1396882205,118
1639362171,1396882205,2803
1306969696,1396882205,117
1831122860,1396882205,708
1134203243,1396882205,688
1639266737,1396882205,775
1881638971,1396882205,263
1891887212,1396882205,2000
1891887212,1558408633,59
1215029897,1396882205,209
1619064755,1396882205,613
1194987867,1396882205,289
1407880016,1396882205,55
1184619124,1306889597,118
1184619124,1396882205,118
1275546061,1396882205,1278
1285781161,1396882205,2506
1891887659,1396882205,84
1851474092,1396882205,53
1619199486,1396882205,895
1447256490,1396882205,86
1568559698,1396882205,1318
1003897380,1396882205,106
1740221878,1396882205,81
1396751749,1306889597,238
1144309121,1396882205,173
1417903378,1396882205,110
1386672335,1396882205,63
1003050972,1396882205,260
1932296035,1396882205,1661
1689677619,1396882205,153
1629068556,1396882205,788
1700959871,1396882205,122
1457465668,1306889597,1355
1891011896,1396882205,293
1194741488,1396882205,171
1255370029,1396882205,101
1215995972,1396882205,128
1215995972,1306889597,545
1730115981,1396882205,292
1063415131,1396882205,72
1457339707,1396882205,554
1760643803,1396882205,487
1407033632,1396882205,63
1760579874,1396882205,131
1578597704,1396882205,127
1265529309,1396882205,53
1396832168,1396882205,680
1942594932,1396882205,108
1144211830,1396882205,56
1902013410,1306889597,580
1902013410,1396882205,148
1285716944,1396882205,297
1124115258,1396882205,403
1396784971,1396882205,96
1265465959,1396882205,64
1942384821,1396882205,550
1619024429,1396882205,64
1730145640,1396882205,97
1851382568,1396882205,164
1124150016,1306889597,461
1124150016,1396882205,103
1851443063,1396882205,155
1710115159,1396882205,1075
1871685297,1396882205,183
1215193255,1396882205,757
1659466381,1396882205,465
1265551295,1396882205,490
1669529525,1396882205,396
1073600102,1396882205,76
1144594573,1396882205,54
1316051683,1306889597,128
1083665962,1396882205,60
1871644781,1396882205,108
1528155660,1396882205,672
1730236613,1396882205,57
1467491670,1396882205,2571
1932477171,1396882205,164
1740271402,1396882205,128
1588788301,1396882205,93
1982961025,1396882205,100
1053468926,1396882205,732
1114174547,1396882205,1070
1467549899,1396882205,1943
1962450973,1396882205,97
1891708012,1396882205,176
1154311413,1396882205,1766
1457391229,1396882205,71
1487738597,1396882205,1181
1811104003,1396882205,116
1679657787,1396882205,54
1346332756,1396882205,1085
1871521922,1396882205,62
1669433090,1396882205,63
1639278062,1396882205,273
1255624433,1396882205,249
1942203963,1396882205,122
1508935776,1396882205,51
1073505830,1396882205,109
1407903370,1396882205,415
1255548665,1396882205,494
1083687305,1396882205,50
1285627398,1396882205,180
1154366409,1396882205,65
1770525107,1396882205,61
1285617332,1396882205,360
1639226517,1396882205,570
1740487305,1396882205,255
1306831284,1396882205,83
1952404402,1396882205,64
1538150156,1396882205,71
1942348081,1396882205,607
1306936802,1396882205,62
1336285873,1396882205,312
1518054626,1396882205,685
1689764383,1396882205,299
1407057946,1396882205,894
1205827987,1396882205,65
1790869808,1396882205,200
1508182155,1396882205,50
1184048795,1396882205,96
1821069501,1396882205,53
1144587205,1396882205,192
1922195056,1396882205,402
1538147319,1396882205,76
1225031073,1396882205,134
1932274503,1396882205,151
1891749420,1396882205,71
1114019833,1396882205,102
1043229495,1396882205,1255
1881624450,1396882205,126
1043205008,1396882205,76
1043205008,1306889597,130
1255301800,1396882205,154
1457437782,1396882205,1071
1578650602,1396882205,97
1386663144,1396882205,640
1780804336,1396882205,455
1164468906,1396882205,894
1023065232,1396882205,60
1821185968,1396882205,1056
1851407548,1396882205,126
1932190360,1396882205,79
1558458687,1396882205,90
1437233541,1396882205,102
1679557565,1396882205,55
1215155288,1396882205,461
1679689285,1396882205,275
1174580286,1396882205,79
1528295607,1396882205,177
1306834700,1396882205,102
1154359602,1396882205,861
1871634204,1396882205,537
1205878402,1396882205,163
1316160468,1396882205,662
1669470555,1306889597,460
1679835441,1396882205,82
1801888060,1396882205,118
1851329445,1396882205,100
1649362062,1396882205,2587
1720282205,1396882205,1482
1093818981,1396882205,1014
1205878220,1396882205,60
1235238676,1396882205,1092
1417046806,1396882205,70
1083614044,1396882205,84
1720241185,1396882205,50
1407888357,1396882205,55
1780685743,1306889597,107
1477614949,1396882205,196
1063403434,1396882205,59
1598718330,1306889597,1087
1598718330,1396882205,95
1952353054,1396882205,66
1396753356,1396882205,202
1871634295,1396882205,241
1316029218,1396882205,284
1699734798,1396882205,111
1598938060,1396882205,203
1316944648,1396882205,76
1750389607,1396882205,129
1750389607,1306889597,978
1538385091,1396882205,56
1104025329,1396882205,238
1821180241,1396882205,1025
1285625731,1396882205,145
1194743914,1396882205,69
1649262338,1396882205,78
1609968015,1396882205,930
1700978129,1396882205,418
1780641191,1396882205,147
1295178481,1396882205,117
1619916970,1396882205,166
1619916970,1306889597,66
1861430621,1396882205,201
1598973273,1396882205,157
1174910491,1306889597,246
1922155811,1396882205,94
1134211550,1265445506,1349
1679665095,1265445506,1763
1669556148,1265445506,89
1144264458,1265445506,377
1497847800,1265445506,100
1144588690,1265445506,111
1346397205,1265445506,131
1841201886,1265445506,491
1760591788,1265445506,430
1932381795,1265445506,84
1760725915,1265445506,147
1831169069,1265445506,92
1508821026,1265445506,104
1962515023,1265445506,74
1669473716,1265445506,244
1073605499,1265445506,320
1063449031,1265445506,303
1932139474,1265445506,211
1255488052,1265445506,1703
1245313741,1265445506,217
1417970831,1265445506,138
1770578882,1265445506,595
1114979184,1265445506,98
1982751707,1265445506,85
1073603411,1265445506,165
1528174752,1265445506,115
1851382618,1265445506,117
1518143122,1265445506,701
1598926248,1265445506,134
1275631129,1265445506,51
1184612921,1265445506,109
1265636757,1265445506,195
1710032255,1265445506,88
1386664662,1265445506,153
1336155530,1265445506,338
1235196395,1265445506,145
1831281245,1265445506,1464
1568465623,1265445506,197
1952493371,1265445506,209
1033297429,1265445506,118
1427066489,1265445506,73
1497793731,1265445506,80
1831181957,1265445506,60
1316975485,1265445506,184
1194716662,1265445506,330
1891738225,1265445506,54
1548317498,1265445506,1056
1982689279,1265445506,265
1548378805,1265445506,422
1427251859,1265445506,455
1942203849,1265445506,1728
1467406314,1265445506,178
1578655791,1265445506,213
1003819277,1265445506,52
1154339737,1265445506,59
1861496838,1265445506,62
1598833808,1265445506,594
1992897326,1265445506,54
1144377011,1265445506,100
1205897584,1265445506,123
1982703328,1265445506,450
1396965034,1265445506,130
1134337983,1265445506,149
1487749446,1265445506,1087
1417951302,1265445506,1129
1447242565,1265445506,94
1053314963,1265445506,69
1386608768,1265445506,1096
1114019528,1265445506,756
1659530194,1265445506,75
1649480237,1265445506,74
1043394166,1265445506,94
1457455693,1265445506,109
1417004136,1265445506,129
1790723013,1265445506,54
1255368767,1265445506,55
1316985120,1265445506,151
1356304984,1265445506,116
1982796306,1265445506,529
1851617021,1265445506,139
1922196435,1265445506,296
1174517593,1265445506,201
1376662718,1265445506,429
1073633780,1265445506,91
1437206323,1265445506,185
1033246640,1265445506,768
1932283041,1265445506,99
1487672291,1265445506,870
1245325661,1265445506,52
1063864775,1265445506,522
1447288055,1265445506,214
1578677274,1265445506,63
1871539502,1265445506,68
1891887212,1265445506,55
1215029897,1265445506,73
1619064755,1265445506,190
1275546061,1265445506,75
1932296035,1265445506,55
1932128782,1265445506,142
1578597704,1265445506,488
1396832168,1265445506,126
1396784971,1265445506,109
1851382568,1265445506,384
1891782454,1265445506,473
1871644781,1265445506,714
1528155660,1265445506,241
1467491670,1265445506,1209
1932477171,1265445506,92
1053468926,1265445506,252
1962450973,1265445506,162
1891708012,1265445506,124
1457391229,1265445506,458
1871521922,1265445506,98
1669433090,1265445506,251
1285627398,1265445506,90
1497738462,1265445506,171
1205827987,1265445506,86
1538147319,1265445506,89
1255301800,1265445506,112
1457437782,1265445506,1234
1386663144,1265445506,946
1851329445,1265445506,219
1720282205,1265445506,97
1093818981,1265445506,74
1396753356,1265445506,209
1952304990,1265445506,1300
1699734798,1265445506,794
1861430621,1265445506,175
